{
  "train_acc": [
    0.27784863905030854,
    0.5216836734693877,
    0.6339285714285714,
    0.6919642857142857,
    0.7602040816326531,
    0.8271683673469388,
    0.9030612244897959,
    0.9521683673469388,
    0.9744897959183674,
    0.9846938775510204,
    0.9866071428571429,
    0.9872448979591837,
    0.9872448979591837,
    0.9885204081632653
  ],
  "train_loss": [
    1.152967522338945,
    0.9955580842738249,
    0.8730967896325248,
    0.7486103505504375,
    0.6377247533932024,
    0.5474972417388035,
    0.4488166368813539,
    0.3514538330349083,
    0.24328919072464414,
    0.15439842677466115,
    0.11243999504712315,
    0.08932199874626738,
    0.07646008486840494,
    0.07012738972161041
  ],
  "valid_acc": [
    0.5925595238804817,
    0.8936011910438537,
    0.9279761910438538,
    0.9498511910438537,
    0.9561011910438537,
    0.9467261910438538,
    0.9623511910438538,
    0.9686011910438538,
    0.9748511910438538,
    0.9748511910438538,
    0.9748511910438538,
    0.9748511910438538,
    0.9748511910438538,
    0.9779761910438538
  ],
  "valid_loss": [
    1.0289802312850953,
    0.8901819884777069,
    0.740497025847435,
    0.6238268837332726,
    0.529773086309433,
    0.44070825129747393,
    0.34304001107811927,
    0.2484638012945652,
    0.17047311887145042,
    0.11939036175608635,
    0.11097647920250893,
    0.09382971283048391,
    0.09355963403359055,
    0.0845607191324234
  ],
  "test_acc": [
    0.9855072463768116
  ],
  "test_loss": [
    0.0556768721042247
  ]
}